max_depth,max_features,min_samples_split,min_samples_leaf,fit_time_sec,experiment_id
5,5,2,13,0.13097715377807617,3292264d-2141-4b94-a7a3-993b58262b6e
8,13,2,5,0.11736106872558594,533f0bec-1347-425b-9c79-03beeb1900d0
